{
	"info": {
		"_postman_id": "b0fbeebe-a412-4737-a5da-9daa4923bb89",
		"name": "Admin Actions",
		"schema": "https://schema.getpostman.com/json/collection/v2.1.0/collection.json",
		"_exporter_id": "38593149"
	},
	"item": [
		{
			"name": "View My Orders",
			"request": {
				"method": "GET",
				"header": [],
				"url": {
					"raw": "localhost:3000/orders/all",
					"host": [
						"localhost"
					],
					"port": "3000",
					"path": [
						"orders",
						"all"
					]
				}
			},
			"response": []
		},
		{
			"name": "New Order Admin",
			"request": {
				"method": "POST",
				"header": [],
				"body": {
					"mode": "raw",
					"raw": "{\n    \"type\": \"Box1\",\n    \"description\": \"Test Order 1\"\n}",
					"options": {
						"raw": {
							"language": "json"
						}
					}
				},
				"url": {
					"raw": "localhost:3000/order",
					"host": [
						"localhost"
					],
					"port": "3000",
					"path": [
						"order"
					]
				}
			},
			"response": []
		},
		{
			"name": "View User Info",
			"request": {
				"method": "GET",
				"header": [],
				"url": {
					"raw": "localhost:3000/user/<userID>",
					"host": [
						"localhost"
					],
					"port": "3000",
					"path": [
						"user",
						"<userID>"
					]
				}
			},
			"response": []
		},
		{
			"name": "Delete User",
			"request": {
				"method": "DELETE",
				"header": [],
				"url": {
					"raw": "localhost:3000/user/<userID>",
					"host": [
						"localhost"
					],
					"port": "3000",
					"path": [
						"user",
						"<userID>"
					]
				}
			},
			"response": []
		}
	],
	"auth": {
		"type": "bearer",
		"bearer": [
			{
				"key": "token",
				"value": "",
				"type": "string"
			}
		]
	},
	"event": [
		{
			"listen": "prerequest",
			"script": {
				"type": "text/javascript",
				"packages": {},
				"exec": [
					""
				]
			}
		},
		{
			"listen": "test",
			"script": {
				"type": "text/javascript",
				"packages": {},
				"exec": [
					""
				]
			}
		}
	]
}