{
	"info": {
		"_postman_id": "96a158a4-e15b-4a81-8a43-1ef1989594fe",
		"name": "User Actions",
		"schema": "https://schema.getpostman.com/json/collection/v2.1.0/collection.json",
		"_exporter_id": "38593149"
	},
	"item": [
		{
			"name": "New Order",
			"request": {
				"method": "POST",
				"header": [],
				"body": {
					"mode": "raw",
					"raw": "{\n    \"type\": \"Box1\",\n    \"description\": \"New Test Order 1\"\n}",
					"options": {
						"raw": {
							"language": "json"
						}
					}
				},
				"url": {
					"raw": "localhost:3000/order",
					"host": [
						"localhost"
					],
					"port": "3000",
					"path": [
						"order"
					]
				}
			},
			"response": []
		},
		{
			"name": "Update Order",
			"request": {
				"method": "PUT",
				"header": [],
				"body": {
					"mode": "raw",
					"raw": "{\n    \"_id\": \"<OrderID>\",\n    \"type\": \"Box2\",\n    \"description\": \"Updated Order 12345\"\n}",
					"options": {
						"raw": {
							"language": "json"
						}
					}
				},
				"url": {
					"raw": "localhost:3000/order",
					"host": [
						"localhost"
					],
					"port": "3000",
					"path": [
						"order"
					]
				}
			},
			"response": []
		},
		{
			"name": "Update User",
			"request": {
				"method": "PUT",
				"header": [],
				"body": {
					"mode": "raw",
					"raw": "{\n    \"address\": \"Somewhere Else Moved 1\"\n}\n",
					"options": {
						"raw": {
							"language": "json"
						}
					}
				},
				"url": {
					"raw": "localhost:3000/me",
					"host": [
						"localhost"
					],
					"port": "3000",
					"path": [
						"me"
					]
				}
			},
			"response": []
		},
		{
			"name": "Update User Bad",
			"request": {
				"method": "PUT",
				"header": [],
				"body": {
					"mode": "raw",
					"raw": "{\n    \"role\": \"admin\"\n}\n",
					"options": {
						"raw": {
							"language": "json"
						}
					}
				},
				"url": {
					"raw": "localhost:3000/me",
					"host": [
						"localhost"
					],
					"port": "3000",
					"path": [
						"me"
					]
				}
			},
			"response": []
		},
		{
			"name": "Delete Order",
			"request": {
				"method": "DELETE",
				"header": [],
				"body": {
					"mode": "raw",
					"raw": "",
					"options": {
						"raw": {
							"language": "json"
						}
					}
				},
				"url": {
					"raw": "localhost:3000/order/<orderID>",
					"host": [
						"localhost"
					],
					"port": "3000",
					"path": [
						"order",
						"<orderID>"
					]
				}
			},
			"response": []
		},
		{
			"name": "View My Orders",
			"request": {
				"method": "GET",
				"header": [],
				"url": {
					"raw": "localhost:3000/orders/all",
					"host": [
						"localhost"
					],
					"port": "3000",
					"path": [
						"orders",
						"all"
					]
				}
			},
			"response": []
		},
		{
			"name": "View My Details",
			"request": {
				"method": "GET",
				"header": [],
				"url": {
					"raw": "localhost:3000/me",
					"host": [
						"localhost"
					],
					"port": "3000",
					"path": [
						"me"
					]
				}
			},
			"response": []
		}
	],
	"auth": {
		"type": "bearer",
		"bearer": [
			{
				"key": "token",
				"value": "",
				"type": "string"
			}
		]
	},
	"event": [
		{
			"listen": "prerequest",
			"script": {
				"type": "text/javascript",
				"packages": {},
				"exec": [
					""
				]
			}
		},
		{
			"listen": "test",
			"script": {
				"type": "text/javascript",
				"packages": {},
				"exec": [
					""
				]
			}
		}
	]
}