{
	"info": {
		"_postman_id": "eaaa2345-66e1-4918-a38d-81b84d9d8607",
		"name": "User Management",
		"schema": "https://schema.getpostman.com/json/collection/v2.1.0/collection.json",
		"_exporter_id": "38593149"
	},
	"item": [
		{
			"name": "Register User",
			"request": {
				"method": "POST",
				"header": [],
				"body": {
					"mode": "raw",
					"raw": "{\n    \"name\": \"Simple User \",\n    \"role\": \"User\",\n    \"email\": \"simple@test.com\",\n    \"password\": \"password\",\n    \"address\": \"Somewhere 1\"\n}\n",
					"options": {
						"raw": {
							"language": "json"
						}
					}
				},
				"url": {
					"raw": "localhost:3000/register",
					"host": [
						"localhost"
					],
					"port": "3000",
					"path": [
						"register"
					]
				}
			},
			"response": []
		},
		{
			"name": "Register Admin",
			"request": {
				"method": "POST",
				"header": [],
				"body": {
					"mode": "raw",
					"raw": "{\n    \"name\": \"Simple User 2\",\n    \"role\": \"User\",\n    \"email\": \"admin@test.com\",\n    \"password\": \"password\",\n    \"address\": \"Somewhere Else 1\"\n}\n",
					"options": {
						"raw": {
							"language": "json"
						}
					}
				},
				"url": {
					"raw": "localhost:3000/register",
					"host": [
						"localhost"
					],
					"port": "3000",
					"path": [
						"register"
					]
				}
			},
			"response": []
		},
		{
			"name": "Login User",
			"request": {
				"method": "POST",
				"header": [],
				"body": {
					"mode": "raw",
					"raw": "{\n    \"email\": \"simple@test.com\",\n    \"password\": \"password\"\n}",
					"options": {
						"raw": {
							"language": "json"
						}
					}
				},
				"url": {
					"raw": "localhost:3000/login",
					"host": [
						"localhost"
					],
					"port": "3000",
					"path": [
						"login"
					]
				}
			},
			"response": []
		},
		{
			"name": "Login Admin",
			"request": {
				"method": "POST",
				"header": [],
				"body": {
					"mode": "raw",
					"raw": "{\n    \"email\": \"admin@test.com\",\n    \"password\": \"password\"\n}",
					"options": {
						"raw": {
							"language": "json"
						}
					}
				},
				"url": {
					"raw": "localhost:3000/login",
					"host": [
						"localhost"
					],
					"port": "3000",
					"path": [
						"login"
					]
				}
			},
			"response": []
		}
	]
}